ringmember_age_blocks,freq
11,173315
12,157551
13,141562
14,133147
15,127537
16,124183
17,119108
18,115596
19,112011
20,109387
21,107486
22,105697
23,102970
24,100471
25,98526
26,96385
27,95093
28,93053
29,91267
30,89219
31,87828
32,86247
33,85479
34,83150
35,82062
36,80282
37,79304
38,77808
39,76959
40,76321
61,74472
41,74135
42,73794
43,72138
44,71655
45,71053
46,70342
62,69890
47,69108
48,68967
63,68777
64,68405
49,67602
50,67591
65,67544
51,66998
66,66982
68,66137
67,66007
52,65973
60,65949
54,65629
53,65226
70,63952
55,63888
69,63812
56,63499
57,63485
71,62897
72,62285
58,61827
73,61793
59,61398
74,61101
75,60401
76,59194
10,58856
78,58302
77,58143
79,57066
80,56513
81,56095
83,55317
82,54685
84,54052
85,53705
86,53363
87,52988
88,52221
89,52021
90,51659
91,51072
93,50684
92,50527
94,49472
96,49121
95,49115
98,48537
97,48455
99,48140
100,47831
101,47189
102,47083
103,46830
104,46786
106,46413
105,46238
107,46117
109,45547
111,45411
110,44980
112,44938
108,44902
115,44247
113,44063
114,43866
116,43668
117,43219
119,43069
118,42978
120,42893
122,42211
121,41935
124,41771
123,41680
125,41031
126,40893
127,40609
128,39886
129,39859
130,39410
131,39393
132,38940
134,38817
133,38779
135,38464
136,38133
139,37970
140,37846
137,37705
138,37660
141,37539
142,37186
144,36898
143,36845
146,36656
145,36551
147,36483
148,36172
149,35999
150,35561
152,35407
151,35363
153,34638
156,34414
154,34320
155,34206
157,33993
158,33883
159,33623
163,33494
160,33480
165,33270
167,33225
166,33218
161,33211
164,33203
162,33166
168,32994
170,32760
169,32673
171,32169
172,32125
174,31997
173,31938
175,31850
176,31263
178,31021
177,30894
180,30688
179,30505
181,30443
182,30304
183,30037
184,29904
185,29720
187,29717
186,29636
188,29304
191,29146
190,29143
192,29008
189,28995
193,28920
194,28813
196,28700
195,28551
198,28191
200,28123
199,28115
197,28021
203,27788
202,27757
201,27738
205,27244
207,27178
204,27156
206,27139
208,27122
209,26888
210,26870
211,26712
213,26662
215,26466
212,26457
217,26284
218,26275
216,26201
214,26150
219,25978
221,25799
220,25636
223,25555
222,25511
224,25434
226,25252
227,25114
225,25005
231,24980
228,24959
229,24898
233,24727
230,24708
234,24518
236,24375
232,24368
237,24263
235,24215
239,24128
240,24085
238,24078
243,24018
241,23840
248,23757
244,23687
247,23623
242,23620
245,23562
246,23547
249,23241
250,23216
252,23102
253,22985
251,22948
255,22929
254,22877
256,22723
259,22684
257,22647
258,22574
260,22566
261,22542
262,22478
264,22351
266,22313
268,22051
273,21947
265,21916
263,21840
270,21799
271,21754
267,21648
269,21599
274,21527
278,21458
275,21427
272,21411
281,21302
277,21266
280,21229
284,21188
276,21086
283,21001
279,20995
282,20827
287,20802
285,20796
286,20759
289,20662
288,20559
292,20514
293,20472
291,20279
296,20270
294,20253
295,20189
301,20152
297,20150
303,20128
290,20093
298,19944
299,19901
300,19851
304,19785
302,19771
309,19633
306,19578
308,19568
310,19556
305,19540
307,19511
312,19408
315,19360
313,19257
314,19235
317,19163
311,19055
321,18993
320,18976
322,18970
319,18847
318,18833
316,18746
323,18634
325,18542
324,18520
333,18516
331,18480
330,18419
328,18408
332,18383
335,18307
326,18299
327,18241
329,18230
334,18187
340,18167
339,18098
342,18027
341,18017
345,17926
336,17926
337,17852
350,17763
343,17722
344,17718
338,17667
351,17654
346,17614
352,17571
347,17564
349,17531
348,17496
356,17406
353,17291
358,17254
360,17246
357,17188
359,17167
355,17054
354,17030
361,17007
363,16912
364,16880
362,16824
365,16817
367,16800
369,16736
373,16717
366,16709
370,16669
368,16650
371,16608
374,16568
375,16442
378,16362
376,16353
372,16304
380,16245
383,16245
388,16244
381,16243
382,16229
379,16172
377,16170
384,16132
389,15935
386,15913
394,15891
390,15877
398,15853
393,15841
392,15841
385,15832
387,15771
396,15771
397,15762
401,15648
400,15641
399,15626
391,15582
404,15545
395,15526
405,15495
403,15444
402,15390
408,15319
407,15264
406,15242
415,15241
409,15235
410,15223
416,15170
411,15169
425,15141
414,15060
417,15043
420,15001
419,14927
413,14925
412,14923
418,14880
421,14847
426,14815
422,14804
433,14777
428,14737
430,14725
423,14710
424,14681
431,14642
427,14614
438,14604
429,14593
432,14558
437,14542
434,14493
440,14459
436,14458
447,14361
444,14344
441,14312
449,14305
439,14223
442,14190
435,14158
446,14133
443,14111
451,14107
448,14012
457,14006
445,13966
453,13949
452,13942
450,13937
454,13903
459,13890
461,13870
455,13852
458,13815
463,13736
467,13730
456,13720
466,13690
470,13644
469,13630
464,13607
460,13601
465,13547
472,13517
468,13441
462,13423
476,13408
475,13384
481,13384
477,13345
479,13325
471,13311
478,13306
483,13277
474,13268
480,13265
486,13244
473,13238
484,13200
485,13177
482,13166
487,13138
490,13121
497,13051
501,13006
488,13005
502,12948
503,12942
492,12926
491,12918
489,12909
499,12881
495,12822
508,12817
494,12793
498,12769
506,12767
493,12763
496,12729
510,12713
505,12669
500,12625
509,12611
520,12593
511,12552
513,12520
515,12520
517,12517
514,12508
524,12495
507,12472
518,12469
512,12464
504,12458
525,12433
523,12390
519,12366
516,12364
526,12356
522,12337
521,12336
527,12271
531,12216
532,12201
534,12200
537,12120
547,12107
541,12095
535,12095
528,12073
529,12062
3,12033
538,12027
536,11982
530,11976
539,11968
533,11936
548,11936
540,11934
550,11880
546,11824
549,11819
543,11813
542,11800
544,11781
560,11756
551,11734
553,11724
558,11681
554,11645
545,11617
552,11610
559,11608
555,11608
562,11558
573,11558
563,11550
557,11523
556,11516
572,11491
567,11461
564,11456
561,11434
570,11424
568,11420
578,11416
574,11405
566,11393
584,11356
585,11331
575,11300
569,11299
579,11298
565,11293
582,11293
577,11273
571,11270
580,11237
581,11236
588,11204
576,11172
592,11168
591,11133
600,11118
583,11118
587,11104
605,11031
586,11022
593,11007
590,10949
589,10941
614,10940
594,10931
598,10929
595,10926
603,10919
609,10913
607,10911
616,10905
597,10890
618,10889
596,10870
606,10855
601,10840
604,10824
617,10823
602,10812
612,10812
611,10809
599,10808
608,10806
610,10763
615,10683
619,10665
613,10662
632,10626
621,10614
636,10612
627,10608
626,10598
624,10565
625,10560
622,10549
620,10534
633,10507
629,10502
631,10491
628,10481
623,10434
634,10425
635,10391
642,10369
643,10369
639,10349
630,10341
638,10311
641,10299
640,10294
655,10293
637,10283
644,10259
666,10227
667,10199
645,10187
646,10165
651,10161
658,10157
647,10136
652,10112
654,10091
665,10073
650,10050
649,10044
684,10036
648,10035
664,10009
708,9999
663,9985
662,9974
656,9952
719,9949
670,9946
673,9942
661,9938
697,9936
653,9934
657,9923
702,9914
698,9891
659,9870
706,9863
668,9862
671,9851
660,9845
710,9837
680,9830
693,9826
669,9822
705,9805
681,9803
707,9799
677,9798
672,9798
683,9795
696,9780
685,9778
682,9773
728,9773
712,9765
686,9762
687,9758
704,9748
674,9747
676,9728
734,9725
694,9720
701,9713
690,9702
678,9691
700,9688
717,9686
703,9673
724,9670
692,9656
689,9647
714,9640
695,9629
688,9621
679,9611
718,9591
716,9586
691,9566
675,9559
699,9548
721,9540
713,9522
722,9519
730,9500
726,9499
731,9499
735,9485
711,9477
709,9450
729,9424
720,9422
725,9409
733,9407
723,9405
715,9377
727,9372
736,9331
737,9318
732,9300
740,9233
748,9191
746,9155
749,9148
743,9057
751,9029
745,9002
741,8995
744,8980
739,8959
742,8947
738,8936
754,8917
747,8905
755,8896
756,8831
759,8808
757,8805
758,8799
750,8792
769,8779
771,8773
752,8739
764,8734
762,8724
766,8695
763,8681
753,8664
767,8636
760,8627
768,8566
773,8562
782,8547
774,8543
765,8511
770,8499
761,8495
777,8485
772,8480
780,8476
796,8423
784,8405
795,8403
775,8403
778,8400
776,8400
797,8370
792,8367
783,8363
781,8354
779,8344
787,8338
785,8308
788,8282
786,8282
789,8281
809,8228
798,8205
791,8192
794,8143
800,8102
818,8094
801,8081
790,8078
808,8072
793,8060
807,8049
799,8042
819,8021
803,7988
802,7968
811,7956
810,7927
805,7919
817,7917
804,7914
813,7913
806,7905
812,7894
820,7876
814,7859
824,7851
815,7850
816,7840
827,7832
840,7793
826,7791
834,7788
821,7781
828,7776
849,7760
832,7759
833,7719
823,7707
825,7700
843,7696
839,7690
845,7672
838,7662
830,7647
831,7640
864,7624
835,7593
822,7591
842,7591
892,7582
857,7577
847,7564
846,7554
829,7551
844,7549
855,7542
848,7534
885,7531
867,7524
836,7515
837,7504
850,7498
859,7492
856,7466
861,7456
862,7442
870,7430
882,7430
852,7424
865,7411
853,7403
880,7402
841,7401
878,7390
868,7386
873,7382
851,7370
891,7342
881,7336
886,7333
858,7320
863,7310
860,7309
854,7305
902,7293
893,7290
888,7285
884,7268
866,7263
869,7256
874,7243
872,7240
883,7238
877,7233
887,7227
899,7219
876,7215
871,7212
896,7196
875,7182
906,7158
903,7158
2,7132
890,7107
915,7095
897,7093
905,7067
910,7058
894,7054
889,7050
879,7024
916,7016
917,7010
904,7003
900,6999
898,6989
923,6964
919,6964
895,6957
926,6943
907,6916
914,6895
908,6893
901,6893
913,6882
909,6865
937,6858
927,6857
918,6852
912,6842
922,6842
928,6828
925,6814
911,6812
935,6812
950,6767
931,6762
943,6761
929,6758
940,6750
933,6745
948,6736
920,6717
924,6697
952,6696
936,6693
944,6688
949,6680
964,6677
930,6672
921,6658
946,6650
939,6639
934,6627
941,6611
947,6608
969,6583
942,6572
945,6566
954,6551
932,6549
955,6546
951,6535
970,6518
983,6511
977,6505
957,6504
963,6503
953,6503
967,6500
958,6486
938,6484
961,6473
973,6471
966,6470
959,6446
972,6441
962,6440
968,6426
974,6426
978,6421
965,6416
960,6409
956,6391
991,6385
975,6383
982,6381
976,6379
988,6361
997,6324
979,6323
971,6320
994,6311
984,6311
1013,6303
986,6301
1003,6286
992,6262
985,6261
995,6257
990,6257
1002,6255
1020,6249
981,6247
980,6246
1011,6244
993,6237
999,6231
1010,6227
987,6222
989,6197
996,6195
1009,6191
1018,6182
1005,6174
1017,6159
1031,6156
1034,6142
1006,6142
1023,6141
1001,6138
1004,6136
1008,6130
1015,6128
1030,6121
1000,6120
1012,6101
1040,6089
1028,6088
1024,6083
1007,6066
1041,6062
1033,6058
1036,6057
4,6051
1014,6042
1035,6041
1046,6039
1016,6035
1027,6029
1025,6026
998,6015
1026,5998
1057,5998
1021,5997
1029,5986
1019,5980
1038,5979
1044,5958
1037,5951
1022,5948
1032,5945
1047,5937
1056,5935
1082,5930
1059,5926
1053,5912
1043,5908
1039,5906
1052,5889
1067,5880
1050,5879
1048,5877
1049,5866
1063,5853
1062,5852
1054,5848
1045,5844
1058,5841
1042,5818
1070,5818
1064,5816
1071,5809
1085,5807
1066,5789
1051,5789
1069,5784
1055,5780
1078,5774
1079,5762
1095,5755
1060,5750
1075,5747
1061,5746
1086,5745
1094,5743
1084,5743
1074,5726
1080,5721
1068,5714
1099,5703
1065,5702
1072,5688
1091,5681
1083,5657
1089,5654
1093,5641
1090,5641
1076,5635
1092,5634
1088,5631
1108,5619
1073,5608
1113,5607
1096,5605
1087,5605
1081,5600
1077,5593
1100,5580
1102,5570
1111,5558
1131,5549
1101,5545
1123,5541
1141,5534
1130,5532
1114,5525
1098,5524
1132,5520
1117,5518
1112,5517
1138,5515
1107,5511
1104,5507
1115,5503
1103,5498
1106,5496
1135,5488
1119,5477
1122,5473
1137,5468
1097,5466
1129,5465
1121,5461
1149,5460
1109,5453
1110,5453
1120,5451
1105,5449
1136,5442
1116,5433
1162,5427
1160,5421
1142,5421
1157,5416
1125,5416
1144,5414
1126,5412
1167,5402
1152,5402
1134,5397
1143,5393
1148,5393
1124,5381
1146,5380
1133,5378
1118,5376
1127,5374
1151,5373
1172,5368
1158,5366
1170,5365
1140,5357
1128,5357
1164,5352
1139,5348
1145,5330
1169,5322
1184,5312
1168,5312
1191,5312
1150,5310
1155,5299
1173,5282
1156,5281
1154,5276
1147,5272
1199,5267
1228,5255
1165,5248
1201,5244
1166,5244
1174,5244
1197,5234
1187,5230
1153,5225
1177,5224
1161,5223
1204,5214
1186,5208
1159,5208
1163,5203
1214,5202
1183,5198
1200,5197
1210,5188
1178,5186
1217,5181
1189,5174
1195,5172
1203,5170
1188,5170
1222,5169
1202,5168
1196,5167
1205,5163
1175,5155
1181,5155
1171,5153
1179,5149
1176,5146
1182,5144
1211,5135
1190,5129
1193,5125
1185,5123
1192,5118
1207,5117
1208,5106
1194,5101
1180,5100
1219,5095
1213,5092
1231,5067
1198,5067
1256,5065
1286,5056
1227,5048
1206,5043
1229,5036
1225,5031
1212,5018
1236,5014
1220,5013
1254,5010
1230,4998
1218,4995
1239,4988
1216,4985
1226,4983
1224,4980
1266,4979
1221,4977
1249,4972
1240,4972
1262,4966
1257,4965
1223,4956
1282,4945
1243,4942
1215,4941
1255,4935
1234,4933
1241,4932
1314,4929
1233,4923
1232,4922
1209,4920
1275,4916
1237,4916
1247,4907
1259,4901
1288,4898
1235,4890
1251,4889
1250,4886
1245,4877
1264,4876
1272,4875
1246,4873
5,4870
1289,4870
1242,4868
1294,4868
1312,4862
1263,4858
1278,4854
6,4853
1252,4851
1253,4850
1274,4847
1238,4844
1248,4835
1280,4831
1281,4828
1265,4822
1287,4822
1277,4820
1271,4812
1260,4809
1285,4807
1276,4805
1332,4797
1300,4779
1295,4776
1284,4773
1279,4771
1296,4768
1290,4766
1269,4766
1267,4763
1303,4752
1268,4746
1273,4744
1258,4741
1318,4739
1293,4735
1283,4734
1305,4732
1304,4723
1298,4722
1334,4721
1322,4719
1355,4711
1309,4709
1324,4704
1321,4699
1310,4694
1330,4692
1291,4688
1336,4687
1244,4677
1302,4677
1270,4672
1320,4664
1316,4656
1333,4655
1299,4653
1380,4650
1397,4650
1301,4650
1328,4647
1338,4646
1344,4641
1329,4638
1319,4637
1341,4637
1292,4635
1325,4632
1315,4631
1377,4628
1345,4628
1337,4628
1313,4627
1331,4627
1261,4623
1297,4623
1346,4622
1317,4619
1323,4618
1327,4606
1307,4606
1306,4602
1348,4593
1311,4585
1382,4573
1354,4558
1376,4558
1384,4552
1340,4548
1349,4548
1363,4544
1372,4543
1383,4540
1326,4539
1385,4538
1342,4537
1308,4531
1352,4528
1351,4527
1396,4525
1374,4523
1356,4520
1398,4518
1335,4517
1386,4516
1373,4515
1357,4515
1375,4514
1343,4510
1360,4504
1390,4501
1365,4499
1339,4497
1359,4495
1347,4493
1353,4489
1387,4480
1371,4471
1350,4470
1366,4469
1393,4467
1381,4463
1367,4454
1369,4454
1391,4444
1379,4444
1362,4433
1370,4429
1368,4427
1389,4416
1358,4414
1364,4391
1378,4376
1400,4374
1399,4363
1392,4361
1361,4359
1395,4346
1394,4338
1388,4335
7,4252
8,4127
9,4121
1,1494
